,uniprot_id,organism_name,amino_acid_sequence,uniprot_sequence,pdb_sequence
0,P37869,Bacillus subtilis (strain 168),,MPYIVDVYAREVLDSRGNPTVEVEVYTETGAFGRALVPSGASTGEYEAVELRDGDKDRYLGKGVLTAVNNVNEIIAPELLGFDVTEQNAIDQLLIELDGTENKGKLGANAILGVSMACARAAADFLQIPLYQYLGGFNSKTLPVPMMNIVNGGEHADNNVDIQEFMIMPVGAPNFREALRMGAQIFHSLKSVLSAKGLNTAVGDEGGFAPNLGSNEEALQTIVEAIEKAGFKPGEEVKLAMDAASSEFYNKEDGKYHLSGEGVVKTSAEMVDWYEELVSKYPIISIEDGLDENDWEGHKLLTERLGKKVQLVGDDLFVTNTKKLSEGIKNGVGNSILIKVNQIGTLTETFDAIEMAKRAGYTAVISHRSGETEDSTIADIAVATNAGQIKTGAPSRTDRVAKYNQLLRIEDQLAETAQYHGINSFYNLNK,MPYIVDVYAREVLDSRGNPTVEVEVYTETGAFGRALVPSGASTGEYEAVELRDGDKDRYLGKGVLTAVNNVNEIIAPELLGFDVTEQNAIDQLLIELDGTENKGKLGANAILGVSMACARAAADFLQIPLYQYLGGFNSKTLPVPMMNIVNGGEHADNNVDIQEFMIMPVGAPNFREALRMGAQIFHSLKSVLSAKGLNTAVGDEGGFAPNLGSNEEALQTIVEAIEKAGFKPGEEVKLAMDAASSEFYNKEDGKYHLSGEGVVKTSAEMVDWYEELVSKYPIISIEDGLDENDWEGHKLLTERLGKKVQLVGDDLFVTNTKKLSEGIKNGVGNSILIKVNQIGTLTETFDAIEMAKRAGYTAVISHRSGETEDSTIADIAVATNAGQIKTGAPSRTDRVAKYNQLLRIEDQLAETAQYHGINSFYNLNK
1,A5FUW3,Acidiphilium cryptum (strain JF-5),,MSAIADITAREILDSRGNPTVEVDVILDSGAMGRAAVPSGASTGAHEAVELRDGEPARFGGKGVQRAVEAVEGEIFDAIGGMDASEQVAIDETMIDLDGTPNKARLGANAILGVSLAVAKAAADEIGLPLYRYLGGVYARTLPVPMMNIINGGKHADNPIDIQEFMIQPVGAASIAEAVRMGSEVFQALKKILHDAGHNTNVGDEGGFAPGLKSAEEALGFMTRAVEAAGYRAGEDIAFALDCAATEFYKDGRYHLEGEGKVLDAGGMTDYIAALAKSFPIISVEDPLSEDDWEGWAHFTSTLGGAMQVVGDDLFVTNPTRLRRGIAAKSANSILIKVNQIGTLSETLEAVELAQRAGMTAVISHRSGETEDATIADIAVATNAGQIKTGSLARSDRVAKYNQLIRIEAELDIAGRFAGRTILRG,MSAIADITAREILDSRGNPTVEVDVILDSGAMGRAAVPSGASTGAHEAVELRDGEPARFGGKGVQRAVEAVEGEIFDAIGGMDASEQVAIDETMIDLDGTPNKARLGANAILGVSLAVAKAAADEIGLPLYRYLGGVYARTLPVPMMNIINGGKHADNPIDIQEFMIQPVGAASIAEAVRMGSEVFQALKKILHDAGHNTNVGDEGGFAPGLKSAEEALGFMTRAVEAAGYRAGEDIAFALDCAATEFYKDGRYHLEGEGKVLDAGGMTDYIAALAKSFPIISVEDPLSEDDWEGWAHFTSTLGGAMQVVGDDLFVTNPTRLRRGIAAKSANSILIKVNQIGTLSETLEAVELAQRAGMTAVISHRSGETEDATIADIAVATNAGQIKTGSLARSDRVAKYNQLIRIEAELDIAGRFAGRTILRG
2,A0A411SXA6,Alcaligenes faecalis,,MSAIVDIIGREILDSRGNPTVECDVLLESGAMGRASVPSGASTGAREALELRDGDKSRYLGKGVLRAVENLNTEISEALMGLDAQEQTFIDRTLIELDGTEDKSRLGANAMLAASMAVARAAADDSGLSLYRYFGGSGAMAMPVPMMNVINGGAHANNTLDLQEFMIMPVGAKSFRESLRMGAEVFHTLKGLIHDQGMSTAVGDEGGFAPNVANHEAAIELILRAIEQAGYEAGTQIALALDCAASEFYRDGKYHLAGEGGVSLSSQDFANLLANWCDKYPIISIEDGMAEDDWDGWRILSQQLGDKIQLVGDDLFVTNTKILKKGIEMGIGNSILIKINQIGTLTETFAAIEMAKRAGYTAVISHRSGETEDSTIADIAVATNAMQIKTGSLSRSDRMSKYNQLLRIEEELAEVATFPGREAFYNLR,MSAIVDIIGREILDSRGNPTVECDVLLESGAMGRASVPSGASTGAREALELRDGDKSRYLGKGVLRAVENLNTEISEALMGLDAQEQTFIDRTLIELDGTEDKSRLGANAMLAASMAVARAAADDSGLSLYRYFGGSGAMAMPVPMMNVINGGAHANNTLDLQEFMIMPVGAKSFRESLRMGAEVFHTLKGLIHDQGMSTAVGDEGGFAPNVANHEAAIELILRAIEQAGYEAGTQIALALDCAASEFYRDGKYHLAGEGGVSLSSQDFANLLANWCDKYPIISIEDGMAEDDWDGWRILSQQLGDKIQLVGDDLFVTNTKILKKGIEMGIGNSILIKINQIGTLTETFAAIEMAKRAGYTAVISHRSGETEDSTIADIAVATNAMQIKTGSLSRSDRMSKYNQLLRIEEELAEVATFPGREAFYNLR
3,A0A0P7YND4,Algoriphagus marincola HL-49,,MTLIQSIHARQILDSRGNPTIEVDVVTENGAFGRAAVPSGASTGANEAVELRDGDKNVYLGKGVLKAVANVNDIIASELVGFDVFEQNLIDQIMIELDGTPNKGKLGANAILGVSLAVAKAAAMESGQPLYRYIGGVNANTLPVPMMNIINGGSHSDAPIAFQEFMIRPVGAESFSEAIRMGAEIFHHLKKILHDKNLVTAVGDEGGFAPNFSGGTEEALGSILDAISKAGYKAGEQVTIALDCAASEFFVDGKYDYSKFEGPSGQVRSREEQVAYLAELTEKYPIDSIEDGCAEDDWEGWAMLTAKIGDRVQLVGDDLFVTNVKFLERGIQEKSANSILIKVNQIGTLTETINAVNMAHKAGFTAVMSHRSGETEDSTIADLAVALNTGQIKTGSASRSDRMAKYNQLLRIEEQLGESAVFKGQLK,MTLIQSIHARQILDSRGNPTIEVDVVTENGAFGRAAVPSGASTGANEAVELRDGDKNVYLGKGVLKAVANVNDIIASELVGFDVFEQNLIDQIMIELDGTPNKGKLGANAILGVSLAVAKAAAMESGQPLYRYIGGVNANTLPVPMMNIINGGSHSDAPIAFQEFMIRPVGAESFSEAIRMGAEIFHHLKKILHDKNLVTAVGDEGGFAPNFSGGTEEALGSILDAISKAGYKAGEQVTIALDCAASEFFVDGKYDYSKFEGPSGQVRSREEQVAYLAELTEKYPIDSIEDGCAEDDWEGWAMLTAKIGDRVQLVGDDLFVTNVKFLERGIQEKSANSILIKVNQIGTLTETINAVNMAHKAGFTAVMSHRSGETEDSTIADLAVALNTGQIKTGSASRSDRMAKYNQLLRIEEQLGESAVFKGQLK
4,B6W7V0,Anaerococcus hydrogenalis DSM 7454,,MSLITSVYARQILDSRGNPTVEVEVTTEEGGFGRASVPSGASTGEWEAVELRDGDKDYYLGKSVLKAVENVNEIIAEELEFTYDVSDQIGVDRAMIELDGTENKAKLGANAILGVSLAVAKAAADEQGVSLYNYIGGTNAKLLPTPMMNILNGGEHADNSVDIQEFMIFPLGAESFAHALQIGAEVFHNLKKVLSSKGYNTAVGDEGGFAPNLKSNEEALEIICEAIKEAGYEPGKDVYIAMDCASSEFYNKEDGKYHLDGEGTVKTEDEMIDWLEELVEKYPIISIEDGLDENDWEGWAKLTQRLGNKVQLVGDDLFVTNTKKLEKGIKEGVANSILIKVNQIGSLTETLNAIEMAKEAGYTAVVSHRSGETEDTTISDLVVAVNAGQIKTGAPSRTDRVAKYNQLLRIEDELFDTAQFKGLKAFYNINK,MSLITSVYARQILDSRGNPTVEVEVTTEEGGFGRASVPSGASTGEWEAVELRDGDKDYYLGKSVLKAVENVNEIIAEELEFTYDVSDQIGVDRAMIELDGTENKAKLGANAILGVSLAVAKAAADEQGVSLYNYIGGTNAKLLPTPMMNILNGGEHADNSVDIQEFMIFPLGAESFAHALQIGAEVFHNLKKVLSSKGYNTAVGDEGGFAPNLKSNEEALEIICEAIKEAGYEPGKDVYIAMDCASSEFYNKEDGKYHLDGEGTVKTEDEMIDWLEELVEKYPIISIEDGLDENDWEGWAKLTQRLGNKVQLVGDDLFVTNTKKLEKGIKEGVANSILIKVNQIGSLTETLNAIEMAKEAGYTAVVSHRSGETEDTTISDLVVAVNAGQIKTGAPSRTDRVAKYNQLLRIEDELFDTAQFKGLKAFYNINK
5,Q815K8,Bacillus cereus (strain ATCC 14579 / DSM 31 / CCUG 7414 / JCM 2152 / NBRC 15305 / NCIMB 9373 / NCTC 2599 / NRRL B-3711),,MSTIIDVYAREVLDSRGNPTVEVEVYTESGAFGRAIVPSGASTGEHEAVELRDGDKSRYLGKGVVNAVNNVNEIIAPEIAGFDVTDQAGIDRAMIELDGTPNKGKLGANAILGVSMAVAHAAADFVGLPLYRYLGGFNAKQLPTPMMNIINGGSHADNNVDFQEFMILPVGAPTFKESIRMGAEVFHALKAVLHDKGLNTAVGDEGGFAPNLGSNREALEVIIEAIEKAGYKAGENVFLGMDVASSEFYNKETGKYDLAGEGRTGLTSAEMVDFYEELCKDFPIISIEDGLDENDWDGHKLLTERIGDKVQLVGDDLFVTNTQKLAEGIEKGISNSILIKVNQIGTLTETFEAIEMAKRAGYTAVVSHRSGETEDATIADIAVATNAGQIKTGSMSRTDRIAKYNQLLRIEDELGEVAVYDGVKSFYNIKR,MSTIIDVYAREVLDSRGNPTVEVEVYTESGAFGRAIVPSGASTGEHEAVELRDGDKSRYLGKGVVNAVNNVNEIIAPEIAGFDVTDQAGIDRAMIELDGTPNKGKLGANAILGVSMAVAHAAADFVGLPLYRYLGGFNAKQLPTPMMNIINGGSHADNNVDFQEFMILPVGAPTFKESIRMGAEVFHALKAVLHDKGLNTAVGDEGGFAPNLGSNREALEVIIEAIEKAGYKAGENVFLGMDVASSEFYNKETGKYDLAGEGRTGLTSAEMVDFYEELCKDFPIISIEDGLDENDWDGHKLLTERIGDKVQLVGDDLFVTNTQKLAEGIEKGISNSILIKVNQIGTLTETFEAIEMAKRAGYTAVVSHRSGETEDATIADIAVATNAGQIKTGSMSRTDRIAKYNQLLRIEDELGEVAVYDGVKSFYNIKR
6,B7GTK2,Bifidobacterium longum subsp. infantis (strain ATCC 15697 / DSM 20088 / JCM 1222 / NCTC 11817 / S12),,MAVIESVYARQILDSRGNPTVEVYLETEDGAQGKGLVPSGASTGEAEAWERRDGDKSVYGGKGVLNAVKAVNEVIAPKVIGMDAADQRALDDLMIELDGTPNKGKLGANAILGVSLAALYASAESAGLPLYRYIGGTNGHILPVPNMNIMNGGAHADFATDIQEYMISPYGFDTYSEALRAGVEVYHTLKNVLKKEGLNTGLGDEGGFAPKMKSNEDSLKYIMDAISAAGYEPGKQIGICLDVASSEFYNKETGKYRFDGEERDSAYMLDYYENLINEYPIVSIEDPFNEEGWEDWAAITARLGDRLQFVGDDLLVTNPARLQKAIDLGAANSLLVKLNQIGSVTETLDAIELATANGYTSMVSHRSGETPDTTISDLAVAKNTRQIKTGAPARGERVAKYNRLLEIEEELGSTAQYAGYTAFKACKKYLAK,MAVIESVYARQILDSRGNPTVEVYLETEDGAQGKGLVPSGASTGEAEAWERRDGDKSVYGGKGVLNAVKAVNEVIAPKVIGMDAADQRALDDLMIELDGTPNKGKLGANAILGVSLAALYASAESAGLPLYRYIGGTNGHILPVPNMNIMNGGAHADFATDIQEYMISPYGFDTYSEALRAGVEVYHTLKNVLKKEGLNTGLGDEGGFAPKMKSNEDSLKYIMDAISAAGYEPGKQIGICLDVASSEFYNKETGKYRFDGEERDSAYMLDYYENLINEYPIVSIEDPFNEEGWEDWAAITARLGDRLQFVGDDLLVTNPARLQKAIDLGAANSLLVKLNQIGSVTETLDAIELATANGYTSMVSHRSGETPDTTISDLAVAKNTRQIKTGAPARGERVAKYNRLLEIEEELGSTAQYAGYTAFKACKKYLAK
7,A0A0A7K4W5,Cellulophaga baltica 18,,MSIIISIHARQILDSRGNPTIEVDVFTENGVMGRAAVPSGASTGEHEAVELRDGGKAFMGKGVTKAIANVNTDIAEEIIGMSVFEQNLIDQTMIELDGTPNKSKLGANAILGVSLAVAKAAAEELGMPLYRYIGGVSANTLPVPMMNIINGGSHSDAPIAFQEFMVMPVKAESFSHAMQMGTEIFHNLKKVLHDRGLSTAVGDEGGFAPNLAGGTEDALDTIAKAVDKAGYKLGDDVMIALDCAAAEFYVDGKYDYTKFEGDTGVIRTSEEQAQYLADLAAKYPIISIEDGMDENDWDGWKSLTEKIGDKVQLVGDDLFVTNVERLSKGIENGIANSILIKVNQIGTLTETIAAVNMAKNAGYTSVMSHRSGETEDNTIADLAVALNTGQIKTGSASRSDRMAKYNQLLRIEEELGSVAYYPKDKAFKLKK,MSIIISIHARQILDSRGNPTIEVDVFTENGVMGRAAVPSGASTGEHEAVELRDGGKAFMGKGVTKAIANVNTDIAEEIIGMSVFEQNLIDQTMIELDGTPNKSKLGANAILGVSLAVAKAAAEELGMPLYRYIGGVSANTLPVPMMNIINGGSHSDAPIAFQEFMVMPVKAESFSHAMQMGTEIFHNLKKVLHDRGLSTAVGDEGGFAPNLAGGTEDALDTIAKAVDKAGYKLGDDVMIALDCAAAEFYVDGKYDYTKFEGDTGVIRTSEEQAQYLADLAAKYPIISIEDGMDENDWDGWKSLTEKIGDKVQLVGDDLFVTNVERLSKGIENGIANSILIKVNQIGTLTETIAAVNMAKNAGYTSVMSHRSGETEDNTIADLAVALNTGQIKTGSASRSDRMAKYNQLLRIEEELGSVAYYPKDKAFKLKK
8,A0A411DND6,Chryseobacterium indologenes,,MSAISYIEARQILDSRGNPTIEVDVFTESGAMGRAAVPSGASTGEHEAVELRDGGSEYLGKGVLKAVENVKEVIAENLVGQPVFEQNYIDQIMIDLDGTPNKGNLGANAILGVSLAVARAAAAELGMPLYKYVGGVNANTLPVPMMNVINGGSHSDAPIAFQEFMIMPVKADSFSHALRKGTEIFHNLKSILHSRGLSTAVGDEGGFAPTFKGTEDALDTLLQAIEKAGYKPGDDIMLALDCAASEFYKDGIYDYRKFQTPEAAQFSSSEQVSYLAELAAKYPIISIEDGMQENDWEGWKMLTDKIGDRVQLVGDDLFVTNVERLSRGVKENIANSILVKVNQIGSLSETMAAVQMAQNNKFTSVMSHRSGETEDSTIADLAVAMNCGQIKTGSASRSDRMAKYNQLLRIEEALGETAIFPGLEAFKIKR,MSAISYIEARQILDSRGNPTIEVDVFTESGAMGRAAVPSGASTGEHEAVELRDGGSEYLGKGVLKAVENVKEVIAENLVGQPVFEQNYIDQIMIDLDGTPNKGNLGANAILGVSLAVARAAAAELGMPLYKYVGGVNANTLPVPMMNVINGGSHSDAPIAFQEFMIMPVKADSFSHALRKGTEIFHNLKSILHSRGLSTAVGDEGGFAPTFKGTEDALDTLLQAIEKAGYKPGDDIMLALDCAASEFYKDGIYDYRKFQTPEAAQFSSSEQVSYLAELAAKYPIISIEDGMQENDWEGWKMLTDKIGDRVQLVGDDLFVTNVERLSRGVKENIANSILVKVNQIGSLSETMAAVQMAQNNKFTSVMSHRSGETEDSTIADLAVAMNCGQIKTGSASRSDRMAKYNQLLRIEEALGETAIFPGLEAFKIKR
9,C0B602,Coprococcus comes ATCC 27758,,MEQYIPVTDIIAREILDSRGNPTVEVEVLAGSHFTGRAMVPSGASTGKYEAIELRDGKHRYQGLGVRRAVEHVNDRIIREILGMNVLEQAKLDRVLLELDGTDNKINLGANAMLGVSLAAARAAADALEIPLYQYLGGVNAKQMPVPMMNILNGGACVIIMTQGRTPYNTRALAI,MEQYIPVTDIIAREILDSRGNPTVEVEVLAGSHFTGRAMVPSGASTGKYEAIELRDGKHRYQGLGVRRAVEHVNDRIIREILGMNVLEQAKLDRVLLELDGTDNKINLGANAMLGVSLAAARAAADALEIPLYQYLGGVNAKQMPVPMMNILNGGACVIIMTQGRTPYNTRALAI
10,G0EYL2,Cupriavidus necator (strain ATCC 43291 / DSM 13513 / CCUG 52238 / LMG 8453 / N-1),,MTAIREIRGYELLDSRGNPTVAAQVVLADGAEGFAATPSGASTGSREALELRDGDKRRYFGKGVQKAVQHVNVDIARALNGLDAADQAEVDACLIRLDGTPEKSRLGANALLAVSLASAKAAAASAGLPLYRSVGAGRTENRLPLPMMNIVNGGAHADNSVDMQEFMILPVGAPSFSEALRWGAEVFHTLKGVLKARGLATAVGDEGGFAPDLASNEHALEVIMLAIEAAGFRPGRDIALGLDVASSEFYDGGRYALQSEGRSYDAHGFVDLLDSWVRQYPIVTIEDGMAEQDWQGWRLLTERLGGRVQLVGDDLFVTNAAILEEGIAQGVANAILIKPNQIGTLTETLQAITVAERAGYASVMSHRSGETEDTTIADLSVCTAATQIKTGSLSRSDRVAKYNRLLFIEAELGCAATFAGRQAISQVN,MTAIREIRGYELLDSRGNPTVAAQVVLADGAEGFAATPSGASTGSREALELRDGDKRRYFGKGVQKAVQHVNVDIARALNGLDAADQAEVDACLIRLDGTPEKSRLGANALLAVSLASAKAAAASAGLPLYRSVGAGRTENRLPLPMMNIVNGGAHADNSVDMQEFMILPVGAPSFSEALRWGAEVFHTLKGVLKARGLATAVGDEGGFAPDLASNEHALEVIMLAIEAAGFRPGRDIALGLDVASSEFYDGGRYALQSEGRSYDAHGFVDLLDSWVRQYPIVTIEDGMAEQDWQGWRLLTERLGGRVQLVGDDLFVTNAAILEEGIAQGVANAILIKPNQIGTLTETLQAITVAERAGYASVMSHRSGETEDTTIADLSVCTAATQIKTGSLSRSDRVAKYNRLLFIEAELGCAATFAGRQAISQVN
11,A0A080NRS1,Delftia acidovorans,,MSAIVDIVGREVLDSRGNPTVECDVLLESGVMGRAAVPSGASTGSREAIELRDGDKSRYLGKGVLKAVEHINTEISEAVLGLDASEQAFLDKTLIDLDGTDNKGRLGANAMLAVSMAVARAAAEEAGLPLYRYLGGMGGMQLPVPMMNVINGGAHANNSLDLQEFMIIPVGAPSFREAVRWGAEVFHALKKIIHDKGMSTAVGDEGGFAPSVENHEAAIQLILQAIENAGYKAGEQIALGLDCAASEFYKDGMYVLAGEGNLTLTATQWTDMLAGWCDKYPIISIEDGMAEGDWDGWKILTDRLAAKVQLVGDDLFVTNTKILKEGIDKKIANSILIKINQIGTLTETFAAIEMAKRAGYTAVISHRSGETEDSTIADISVGTNAGQIKTGSLSRSDRIAKYNQLLRIEEDLGDIAHYPGREAFYNLR,MSAIVDIVGREVLDSRGNPTVECDVLLESGVMGRAAVPSGASTGSREAIELRDGDKSRYLGKGVLKAVEHINTEISEAVLGLDASEQAFLDKTLIDLDGTDNKGRLGANAMLAVSMAVARAAAEEAGLPLYRYLGGMGGMQLPVPMMNVINGGAHANNSLDLQEFMIIPVGAPSFREAVRWGAEVFHALKKIIHDKGMSTAVGDEGGFAPSVENHEAAIQLILQAIENAGYKAGEQIALGLDCAASEFYKDGMYVLAGEGNLTLTATQWTDMLAGWCDKYPIISIEDGMAEGDWDGWKILTDRLAAKVQLVGDDLFVTNTKILKEGIDKKIANSILIKINQIGTLTETFAAIEMAKRAGYTAVISHRSGETEDSTIADISVGTNAGQIKTGSLSRSDRIAKYNQLLRIEEDLGDIAHYPGREAFYNLR
12,A0A1H1MXD9,Erythrobacter sp. HL-111,,MTAIIDLHGREILDSRGNPTVEVDVLLEDGSFGRAAVPSGASTGAHEAVELRDGDAARYKGKGVLGAVDAVNTEIRERLVAAFDAEDQRDVDMALIALDDTPNKARLGANAILGTSLAVAKAAAAARGLPLYSYIGGVSAHVLPVPMMNIINGGEHADNPIDIQEFMVMPVGADSIAEAVRWGAEIFHTLKKGLSDKGLSTAVGDEGGFAPDLAGTRDALDFIMTSIEQAGFTPGEDVVLALDCAATEFFREGRYEISGEKLSLSGEEMADYLAKLTTDYPIRSIEDGMSEDDFEGWKALTEAIGDRVQLVGDDLFVTNPQRLADGIARGLANSLLVKVNQIGTLTETLAAVDMATRARYTSVMSHRSGETEDATIADLAVATNCGQIKTGSLARSDRLAKYNQLIRIEEELGDSAHYAGAACFGALRD,MTAIIDLHGREILDSRGNPTVEVDVLLEDGSFGRAAVPSGASTGAHEAVELRDGDAARYKGKGVLGAVDAVNTEIRERLVAAFDAEDQRDVDMALIALDDTPNKARLGANAILGTSLAVAKAAAAARGLPLYSYIGGVSAHVLPVPMMNIINGGEHADNPIDIQEFMVMPVGADSIAEAVRWGAEIFHTLKKGLSDKGLSTAVGDEGGFAPDLAGTRDALDFIMTSIEQAGFTPGEDVVLALDCAATEFFREGRYEISGEKLSLSGEEMADYLAKLTTDYPIRSIEDGMSEDDFEGWKALTEAIGDRVQLVGDDLFVTNPQRLADGIARGLANSLLVKVNQIGTLTETLAAVDMATRARYTSVMSHRSGETEDATIADLAVATNCGQIKTGSLARSDRLAKYNQLIRIEEELGDSAHYAGAACFGALRD
13,C9RQM6,Fibrobacter succinogenes (strain ATCC 19169 / S85),,MAKIAKVWARQILDSRGNPSLEVDVTLDNGIVGHAAVPSGASTGEREACELRDGDKKTYLGKGTLTAVKNVNTKIAKKIVGMDPSKQTEVDDAMIELDGNRMLKNTLGANAILGVSMAVCVAAAKDAGLPLYQYIAKLHGTEKLTLPCPMCNVINGGAHSSAPIDFQEFMIAPVGAKTFSKGLQMVTEIFHALKAVLKKGGFDTTVGDEGGFAPGVAIKPAKNKFGYEIKDVMTLEKALAALKTATENAGYVFGKDIKIALDVASSEFCDKETEKEGSKAVTYTFKKSTKKTVKSADMVKLYEKLIDKYSIFSIEDGLDEADWAGWKVLTDKLGGKINLVGDDLFVTNPTIFDEGIKAGIANAILIKVNQVGSVSETLAAIKRAQVEGYAPIVSHRSGETEDTFIADLAVGTAAGQIKTGSLSRTDRVCKYNRLLRIEEELGKAAVYAGDPRKNCKAAKAPAKAACKKGCKKSK,MAKIAKVWARQILDSRGNPSLEVDVTLDNGIVGHAAVPSGASTGEREACELRDGDKKTYLGKGTLTAVKNVNTKIAKKIVGMDPSKQTEVDDAMIELDGNRMLKNTLGANAILGVSMAVCVAAAKDAGLPLYQYIAKLHGTEKLTLPCPMCNVINGGAHSSAPIDFQEFMIAPVGAKTFSKGLQMVTEIFHALKAVLKKGGFDTTVGDEGGFAPGVAIKPAKNKFGYEIKDVMTLEKALAALKTATENAGYVFGKDIKIALDVASSEFCDKETEKEGSKAVTYTFKKSTKKTVKSADMVKLYEKLIDKYSIFSIEDGLDEADWAGWKVLTDKLGGKINLVGDDLFVTNPTIFDEGIKAGIANAILIKVNQVGSVSETLAAIKRAQVEGYAPIVSHRSGETEDTFIADLAVGTAAGQIKTGSLSRTDRVCKYNRLLRIEEELGKAAVYAGDPRKNCKAAKAPAKAACKKGCKKSK
14,A0Q5J9,Francisella tularensis subsp. novicida (strain U112),,MSSQIKQVFARQILDSRGNPTVEVDVVLESGAFGRAAVPSGASTGIREALELRDGNKALFLGKSVYKAVENVNTKIAQAVKGLDALDQRLIDKTMIELDGSENKKNLGANAILGVSLATARAAASHLRKPFYRYLMDVKEYLMPVPMMNVINGGSHADNNVDMQEFMIVPAGFDTFSEALRCGTEVFHTLKKVLIADGYSVAGVGDEGGYAPDLPSNEAAIEAILKAVKEAGYEPGKHVFIALDPASSEFYKDGKYELKSENKSLTSEEMIDYYAAWVEKYPIVSIEDGLAEEDWAGWKLLTEKLGNKVQLVGDDLFVTNPSILAKGIEKGIANSILIKLNQIGTLTETFEAMAMAGQAGYTCVVSHRSGETSDTIIADLAVATCSGQIKTGSLSRSDRIAKYNQLLRIEEELGENAIYPGIKAFVFNSDEEVEEDVQEIIVEDSEAEKVVVQVEE,MSSQIKQVFARQILDSRGNPTVEVDVVLESGAFGRAAVPSGASTGIREALELRDGNKALFLGKSVYKAVENVNTKIAQAVKGLDALDQRLIDKTMIELDGSENKKNLGANAILGVSLATARAAASHLRKPFYRYLMDVKEYLMPVPMMNVINGGSHADNNVDMQEFMIVPAGFDTFSEALRCGTEVFHTLKKVLIADGYSVAGVGDEGGYAPDLPSNEAAIEAILKAVKEAGYEPGKHVFIALDPASSEFYKDGKYELKSENKSLTSEEMIDYYAAWVEKYPIVSIEDGLAEEDWAGWKLLTEKLGNKVQLVGDDLFVTNPSILAKGIEKGIANSILIKLNQIGTLTETFEAMAMAGQAGYTCVVSHRSGETSDTIIADLAVATCSGQIKTGSLSRSDRIAKYNQLLRIEEELGENAIYPGIKAFVFNSDEEVEEDVQEIIVEDSEAEKVVVQVEE
15,A0A0P8B8C6,Halomonas sp. HL-48,,MTKIVDIRALEVLDSRGNPTVQATVRLASGAVGDACAPSGASTGSREALELRDGDKARYLGKGVLKAVDAVNGKIREALLGMDARDQRGLDDAMLTLDGTDNKANLGANAILAVSLAAAKAAANAKGVPLYAHIAELYGQPGQYRMPVPMMNILNGGEHADNNVDIQEFMVQPVGAANFREGLRMGAEIFHALKKVLSAKGLSTSVGDEGGFAPNLASNADALAVIKQAVGDAGYSLGKDVTLALDCASSEFYKDGQYNLAGEGKSYDAEGFADYLAGLCDDYPIVSIEDGMDESDWDGWKALTDKLGDKVQLVGDDLFVTNTKILKRGIDEQIGNSILIKFNQIGSLSETLDAIRMAQDAGFTAVISHRSGETEDTTIADLAVGTCAGQIKTGSLCRSDRVAKYNRLLVIEDELGDVDYPGIKAIKGQ,MTKIVDIRALEVLDSRGNPTVQATVRLASGAVGDACAPSGASTGSREALELRDGDKARYLGKGVLKAVDAVNGKIREALLGMDARDQRGLDDAMLTLDGTDNKANLGANAILAVSLAAAKAAANAKGVPLYAHIAELYGQPGQYRMPVPMMNILNGGEHADNNVDIQEFMVQPVGAANFREGLRMGAEIFHALKKVLSAKGLSTSVGDEGGFAPNLASNADALAVIKQAVGDAGYSLGKDVTLALDCASSEFYKDGQYNLAGEGKSYDAEGFADYLAGLCDDYPIVSIEDGMDESDWDGWKALTDKLGDKVQLVGDDLFVTNTKILKRGIDEQIGNSILIKFNQIGSLSETLDAIRMAQDAGFTAVISHRSGETEDTTIADLAVGTCAGQIKTGSLCRSDRVAKYNRLLVIEDELGDVDYPGIKAIKGQ
16,Q5ZTX1,Legionella pneumophila subsp. pneumophila (strain Philadelphia 1 / ATCC 33152 / DSM 7513),,MHIHKIQAREILDSRGNPTIEADVTLTTGIIGRASVPSGASTGSREACELRDNDPKRYAGKGVQKAVKHVNNEINQALQGLSVEDQENLDRILCQLDNTENKSHLGANAILATSLACARARALSLNQPLYMTLNQGDMMTMPVPMMNILNGGAHADNNVDIQEFMIMPIGAPDFPVALQMGTEIFHVLKSVLKKQGLNTAVGDEGGFAPNIQSNRQALDLLSEAIEKAGFRLGEDIVFALDVAASELFNEGFYHMYSENQKFDSHQLIEYYANLISSYPIVSIEDGLDEKDWSGWKQLTTHLGNKVQLVGDDLFVTNPKILREGIAQGIANAILIKVNQIGTLSETRQAIKLAYDNGYRCVMSHRSGETEDTFIADLAVASGCGQIKTGSLCRTDRTAKYNQLLRINELASLPYAGKNILKR,MHIHKIQAREILDSRGNPTIEADVTLTTGIIGRASVPSGASTGSREACELRDNDPKRYAGKGVQKAVKHVNNEINQALQGLSVEDQENLDRILCQLDNTENKSHLGANAILATSLACARARALSLNQPLYMTLNQGDMMTMPVPMMNILNGGAHADNNVDIQEFMIMPIGAPDFPVALQMGTEIFHVLKSVLKKQGLNTAVGDEGGFAPNIQSNRQALDLLSEAIEKAGFRLGEDIVFALDVAASELFNEGFYHMYSENQKFDSHQLIEYYANLISSYPIVSIEDGLDEKDWSGWKQLTTHLGNKVQLVGDDLFVTNPKILREGIAQGIANAILIKVNQIGTLSETRQAIKLAYDNGYRCVMSHRSGETEDTFIADLAVASGCGQIKTGSLCRTDRTAKYNQLLRINELASLPYAGKNILKR
17,A0A8B4R093,Mycolicibacterium smegmatis,,MPIIEQVGAREILDSRGNPTVEVEVALTDGTFARAAVPSGASTGEHEAVELRDGGSRYGGKGVEKAVEAVLDEIAPQVIGLSADDQRLVDQALLDLDGTPDKSRLGANAILGVSLAVSKAAAESAGLPLFRYIGGPNAHILPVPMMNILNGGAHADTGVDVQEFMVAPIGAPSFKEALRWGAEVYHSLKSVLKNQGLATGLGDEGGFAPDVAGTKAALDLISSAIEATGLKLGSDVALALDVAATEFYTEGSGYAFEKETRTAEQMAEFYAGLLDSYPLVSIEDPLSEDDWDGWVSLTAAIGDRIQLVGDDLFVTNPERLEDGIQRGAANALLVKVNQIGTLTETLDAVSLAHNSGYRTMMSHRSGETEDTTIADLAVAVGSGQIKTGAPARSERVAKYNQLLRIEETLGDAARYAGDLAFPRLEAK,MPIIEQVGAREILDSRGNPTVEVEVALTDGTFARAAVPSGASTGEHEAVELRDGGSRYGGKGVEKAVEAVLDEIAPQVIGLSADDQRLVDQALLDLDGTPDKSRLGANAILGVSLAVSKAAAESAGLPLFRYIGGPNAHILPVPMMNILNGGAHADTGVDVQEFMVAPIGAPSFKEALRWGAEVYHSLKSVLKNQGLATGLGDEGGFAPDVAGTKAALDLISSAIEATGLKLGSDVALALDVAATEFYTEGSGYAFEKETRTAEQMAEFYAGLLDSYPLVSIEDPLSEDDWDGWVSLTAAIGDRIQLVGDDLFVTNPERLEDGIQRGAANALLVKVNQIGTLTETLDAVSLAHNSGYRTMMSHRSGETEDTTIADLAVAVGSGQIKTGAPARSERVAKYNQLLRIEETLGDAARYAGDLAFPRLEAK
18,D5ES25,Prevotella ruminicola (strain ATCC 19189 / JCM 8958 / 23),,MKIEKIHAREILDSRGNPTVEVEVTLENGVMGRAAVPSGASTGENEALELRDGDKERYLGKGVLKAVDNVNKVIAPALKGDCVLEQRAIDYKMLALDGTPTKSKLGANAILGVSLACAQAAAKALNVPLYRYIGGCNAYTLPVPMMNIVNGGAHSAAPIAFQEFMIRPVGASNEREAIRMGAEVFHNLAKLLKARGLSTAVGDEGGYAPNFDGIEDALDTIVEAIKKAGYEPGKDVKIAMDCAASEFATCENGQWFYDYRQLKNGAKKDPNGKKLSADEQIAYLEQLITKYPIDSIEDGLDENDWDNWVKLTEKIGDRCQLVGDDLFVTNTNFLEKGIKMGAANSILIKVNQIGSLTETLEAIEMAHRHGYTTVTSHRSGETEDTTIADIAVATNSGQIKTGSLSRTDRMAKYNQLIRIEEELGSTAAYGYQRLK,MKIEKIHAREILDSRGNPTVEVEVTLENGVMGRAAVPSGASTGENEALELRDGDKERYLGKGVLKAVDNVNKVIAPALKGDCVLEQRAIDYKMLALDGTPTKSKLGANAILGVSLACAQAAAKALNVPLYRYIGGCNAYTLPVPMMNIVNGGAHSAAPIAFQEFMIRPVGASNEREAIRMGAEVFHNLAKLLKARGLSTAVGDEGGYAPNFDGIEDALDTIVEAIKKAGYEPGKDVKIAMDCAASEFATCENGQWFYDYRQLKNGAKKDPNGKKLSADEQIAYLEQLITKYPIDSIEDGLDENDWDNWVKLTEKIGDRCQLVGDDLFVTNTNFLEKGIKMGAANSILIKVNQIGSLTETLEAIEMAHRHGYTTVTSHRSGETEDTTIADIAVATNSGQIKTGSLSRTDRMAKYNQLIRIEEELGSTAAYGYQRLK
19,Q88MF9,Pseudomonas putida (strain ATCC 47054 / DSM 6125 / CFBP 8728 / NCIMB 11950 / KT2440),,MAKIVDIKGREVLDSRGNPTVEADVLLDNGIIGSACAPSGASTGSREALELRDGDKSRYLGKGVLKAVANINGPIRDLLLGKDPSDQKALDRAMIELDGTENKAKLGANAILAVSLAAAKAAAQDQDLPLYAHIANLNGTPGQYSMPVPMMNIINGGEHADNNVDIQEFMVQPVGAKTFSDGLRMGTEIFHHLKAVLKARGLNTAVGDEGGFAPNLASNEDALGAIAEAVEKAGYKLGTDVTLALDCAASEFYEDGKYNLSGEGKSFDAEGFADYLKGLTERFPIISIEDGLDESDWAGWKILTDKIGEKVQLVGDDLFVTNTKILKEGIEKGIGNSILIKFNQIGSLTETLEAIQMAKAAGYTAVISHRSGETEDSTIADLAVGTAAGQIKTGSLCRSDRVSKYNQLLRIEEQLGAKAVYRGRAEFRG,MAKIVDIKGREVLDSRGNPTVEADVLLDNGIIGSACAPSGASTGSREALELRDGDKSRYLGKGVLKAVANINGPIRDLLLGKDPSDQKALDRAMIELDGTENKAKLGANAILAVSLAAAKAAAQDQDLPLYAHIANLNGTPGQYSMPVPMMNIINGGEHADNNVDIQEFMVQPVGAKTFSDGLRMGTEIFHHLKAVLKARGLNTAVGDEGGFAPNLASNEDALGAIAEAVEKAGYKLGTDVTLALDCAASEFYEDGKYNLSGEGKSFDAEGFADYLKGLTERFPIISIEDGLDESDWAGWKILTDKIGEKVQLVGDDLFVTNTKILKEGIEKGIGNSILIKFNQIGSLTETLEAIQMAKAAGYTAVISHRSGETEDSTIADLAVGTAAGQIKTGSLCRSDRVSKYNQLLRIEEQLGAKAVYRGRAEFRG
20,Q0S4I1,Rhodococcus jostii (strain RHA1),,MSIIEQVGAREILDSRGNPTVEVEVLLDDGSFARAAVPSGASTGEHEAVELRDGGDRYGGKGVEKAVEAVLSEIAPAIIGIDATEQRTVDQALLDADGTPDKSRLGANALLGASLAVARAAAESSGLDLFRYVGGPNAHVLPVPMMNILNGGAHADTGVDVQEFMVAPIGAATFKESLRWGAEVYHALKSVLKEKGLATGLGDEGGFAPDVAGTKEALDLISVAIGKTGLVLGTDVALALDVAATEFYTDGTGYKFEGSNRTAAEMSAFYAELVDAYPIVSIEDPLDEDDWDGWVALTDQIGNKVQLVGDDLFVTNPERLEEGIVKGAANALLVKVNQIGTLTETLDAVDLAHRNGYKTMMSHRSGETEDTTIADLAVAVGSGQIKTGAPARSERVAKYNQLLRIEENLGDAARYAGEVAFPRFAFEG,MSIIEQVGAREILDSRGNPTVEVEVLLDDGSFARAAVPSGASTGEHEAVELRDGGDRYGGKGVEKAVEAVLSEIAPAIIGIDATEQRTVDQALLDADGTPDKSRLGANALLGASLAVARAAAESSGLDLFRYVGGPNAHVLPVPMMNILNGGAHADTGVDVQEFMVAPIGAATFKESLRWGAEVYHALKSVLKEKGLATGLGDEGGFAPDVAGTKEALDLISVAIGKTGLVLGTDVALALDVAATEFYTDGTGYKFEGSNRTAAEMSAFYAELVDAYPIVSIEDPLDEDDWDGWVALTDQIGNKVQLVGDDLFVTNPERLEEGIVKGAANALLVKVNQIGTLTETLDAVDLAHRNGYKTMMSHRSGETEDTTIADLAVAVGSGQIKTGAPARSERVAKYNQLLRIEENLGDAARYAGEVAFPRFAFEG
21,Q6N5U6,Rhodopseudomonas palustris (strain ATCC BAA-98 / CGA009),,MTAIVDIIGREILDSRGNPTVEVDVVLEDGSVGRAAVPSGASTGAHEAVELRDGDKARYLGKGVQKAVEAVNGELFDALGGMDAEQQVQIDQTMIELDGTPNKGRIGANAILGVSLAAAKAAAASYDMPLYRYVGGTSARTLPVPMMNIVNGGVHADNPIDFQEFMIMPVGAPTFADALRCGSEIFHTLKGELKKAGHNTNVGDEGGFAPNLPSADAALDFVMAAIGKAGYKAGGDVMLALDCAATEFFKDGSYVYGGENKTRSRSEQAKYLADLVARYPIVSIEDGMSEDDMDGWKELTDLIGSKCQLVGDDLFVTNVTRLADGIKNGRANSILIKVNQIGTLTETLAAVEMAHKAGYTAVMSHRSGETEDSTIADLAVATNCGQIKTGSLARADRTAKYNQLLRIEQELGAHAHYAGKAALKALR,MTAIVDIIGREILDSRGNPTVEVDVVLEDGSVGRAAVPSGASTGAHEAVELRDGDKARYLGKGVQKAVEAVNGELFDALGGMDAEQQVQIDQTMIELDGTPNKGRIGANAILGVSLAAAKAAAASYDMPLYRYVGGTSARTLPVPMMNIVNGGVHADNPIDFQEFMIMPVGAPTFADALRCGSEIFHTLKGELKKAGHNTNVGDEGGFAPNLPSADAALDFVMAAIGKAGYKAGGDVMLALDCAATEFFKDGSYVYGGENKTRSRSEQAKYLADLVARYPIVSIEDGMSEDDMDGWKELTDLIGSKCQLVGDDLFVTNVTRLADGIKNGRANSILIKVNQIGTLTETLAAVEMAHKAGYTAVMSHRSGETEDSTIADLAVATNCGQIKTGSLARADRTAKYNQLLRIEQELGAHAHYAGKAALKALR
22,A0A0P7VUY9,Roseibaca calidilacus,,MSIIIDVIGREILDSRGNPTVEVDVILEDGTMGRAAVPSGASTGAHEAVERRDGDTSRYMGKGVLEAVAAVNGELAEALVGFDATEQVAIDAAMMELDGTANKGRLGANAILGVSMAVAKAAADYTGQPLFRYVGGTSARTLPVPMMNIINGGEHADNPIDIQEFMIMPVAADSIRDAVRMGAEVFHTLKKELHAAGLSTGIGDEGGFAPNLSSTRDALDFILKAIEKAGYTPGQDIYLALDCASTEYFKGGKYEMVGEGLSLSAAENVDYLAKLCDDYPIISIEDGCAEDDWDGWKLLTDRLGDRVQLVGDDLFVTNPARLADGIAKGCGNSLLVKVNQIGTLTETLAAVDMAHRARMTCVMSHRSGETEDATIADLAVATNCGQIKTGSLARSDRLAKYNQLIRIEEMLGETAIYAGRSILR,MSIIIDVIGREILDSRGNPTVEVDVILEDGTMGRAAVPSGASTGAHEAVERRDGDTSRYMGKGVLEAVAAVNGELAEALVGFDATEQVAIDAAMMELDGTANKGRLGANAILGVSMAVAKAAADYTGQPLFRYVGGTSARTLPVPMMNIINGGEHADNPIDIQEFMIMPVAADSIRDAVRMGAEVFHTLKKELHAAGLSTGIGDEGGFAPNLSSTRDALDFILKAIEKAGYTPGQDIYLALDCASTEYFKGGKYEMVGEGLSLSAAENVDYLAKLCDDYPIISIEDGCAEDDWDGWKLLTDRLGDRVQLVGDDLFVTNPARLADGIAKGCGNSLLVKVNQIGTLTETLAAVDMAHRARMTCVMSHRSGETEDATIADLAVATNCGQIKTGSLARSDRLAKYNQLIRIEEMLGETAIYAGRSILR
23,A7AZX6,Ruminococcus gnavus (strain ATCC 29149 / VPI C7-9),,MYQDLPIQDIYAREILDSRGNPTVEVEILAGEKIVGRAAVPSGASTGKFEAVELRDREKRYGGKGVEQAVRHVNEEIAEALIGKNVLAQTEIDHILKELDGSIDKHNLGANAILGVSLAAAKTAAAALRIPLYDYLGNVGEKVMPIPMMNVLNGGAHADNNLDIQEFMLVPYGPDSFKERLRMGTEIYHVLRTLLKQKGLTTAVGDEGGFAPELRDSREAIEFLIEAAHQAGYQPGKDVGIALDVAASEIYRAKEQRYYFVGESKKSGKKIARTSDEMMEYYERLILDYPIYSIEDPLDEEDWDGWSRLTAKIGEKVQLVGDDLFVTNPERVALGIAKKAANSVLIKVNQIGTLTEAARAVELAHQAGYRTIMSHRSGETEDTTIADLAVAFHTGQIKTGAPCRSERVAKYNQLLRIEETLWKSM,MYQDLPIQDIYAREILDSRGNPTVEVEILAGEKIVGRAAVPSGASTGKFEAVELRDREKRYGGKGVEQAVRHVNEEIAEALIGKNVLAQTEIDHILKELDGSIDKHNLGANAILGVSLAAAKTAAAALRIPLYDYLGNVGEKVMPIPMMNVLNGGAHADNNLDIQEFMLVPYGPDSFKERLRMGTEIYHVLRTLLKQKGLTTAVGDEGGFAPELRDSREAIEFLIEAAHQAGYQPGKDVGIALDVAASEIYRAKEQRYYFVGESKKSGKKIARTSDEMMEYYERLILDYPIYSIEDPLDEEDWDGWSRLTAKIGEKVQLVGDDLFVTNPERVALGIAKKAANSVLIKVNQIGTLTEAARAVELAHQAGYRTIMSHRSGETEDTTIADLAVAFHTGQIKTGAPCRSERVAKYNQLLRIEETLWKSM
24,Q08YA3,Stigmatella aurantiaca (strain DW4/3-1),,MQACEAAKRPLEPRAMTEIAQVLAREVLDSRGNPTVEAEVHLAGGARGRAAVPSGASTGEHEVLELRDGDKQRYLGKGVRKAVANVMESIAPELMGMDATDQHAVDMRMRELDGTDNKGKLGANAILAVSMATARAAADAFELPLYRYVGGLQARTLPVPLMNILNGGAHADTRVDVQEFMVVPAGATSFAEGLRWGAEVFHALKKILKGRKLATGVGDEGGYAPDLPANEEALKLIMEAIGAAGFKAGEQLYLALDVAASEFFDKGSKKYRLKGEGKEFDSAGLIEYYRGLCERYPIVSIEDGMAEDDWEGWKRLTDTLGSKVQLVGDDLFVTNVERLSKGIQTSTANSILVKVNQIGSLTETFDAVRMAHRAGYTSIMSHRSGETEDTTIADLAVALDCGQIKTGSASRSDRIAKYNQLLRIEQELGTGARYAGRTAIKGTQAK,MQACEAAKRPLEPRAMTEIAQVLAREVLDSRGNPTVEAEVHLAGGARGRAAVPSGASTGEHEVLELRDGDKQRYLGKGVRKAVANVMESIAPELMGMDATDQHAVDMRMRELDGTDNKGKLGANAILAVSMATARAAADAFELPLYRYVGGLQARTLPVPLMNILNGGAHADTRVDVQEFMVVPAGATSFAEGLRWGAEVFHALKKILKGRKLATGVGDEGGYAPDLPANEEALKLIMEAIGAAGFKAGEQLYLALDVAASEFFDKGSKKYRLKGEGKEFDSAGLIEYYRGLCERYPIVSIEDGMAEDDWEGWKRLTDTLGSKVQLVGDDLFVTNVERLSKGIQTSTANSILVKVNQIGSLTETFDAVRMAHRAGYTSIMSHRSGETEDTTIADLAVALDCGQIKTGSASRSDRIAKYNQLLRIEQELGTGARYAGRTAIKGTQAK
25,F2R6D4,Streptomyces venezuelae (strain ATCC 10712 / CBS 650.69 / DSM 40230 / JCM 4526 / NBRC 13096 / PD 04745),,MLVPSIDVVVAREILDSRGNPTVEVEVGLDDGSTGRAAVPSGASTGAFEAIELRDGDPNRYLGKGVEKAVLAVIEQIGPELVGYDATEQRLIDQAMFDLDATENKGSLGANAILGVSLAVAHAASEASDLPLFRYLGGPNAHLLPVPMMNILNGGSHADSNVDIQEFMIAPIGAESFSEALRWGAEIYHTLKAVLKRKGLSTGLGDEGGFAPNLESNRAALDLIVEAIKEAGYTPGSDVALALDVAASEFYKDGKYEFEGKSRSAAEMTEYYEELVSAYPMVSIEDPLYEDDWAGWKVLTDKLGTKVQIVGDDLFVTNPERLARGIEEGTANALLVKVNQIGSLTETLDAVELAQRNGFKCMMSHRSGETEDVTIADLAVAVNCGQIKTGAPARSDRVAKYNQLLRIEEILDDAAVYAGRSAFPRFKG,MLVPSIDVVVAREILDSRGNPTVEVEVGLDDGSTGRAAVPSGASTGAFEAIELRDGDPNRYLGKGVEKAVLAVIEQIGPELVGYDATEQRLIDQAMFDLDATENKGSLGANAILGVSLAVAHAASEASDLPLFRYLGGPNAHLLPVPMMNILNGGSHADSNVDIQEFMIAPIGAESFSEALRWGAEIYHTLKAVLKRKGLSTGLGDEGGFAPNLESNRAALDLIVEAIKEAGYTPGSDVALALDVAASEFYKDGKYEFEGKSRSAAEMTEYYEELVSAYPMVSIEDPLYEDDWAGWKVLTDKLGTKVQIVGDDLFVTNPERLARGIEEGTANALLVKVNQIGSLTETLDAVELAQRNGFKCMMSHRSGETEDVTIADLAVAVNCGQIKTGAPARSDRVAKYNQLLRIEEILDDAAVYAGRSAFPRFKG
26,Q31QJ8,Synechococcus elongatus (strain ATCC 33912 / PCC 7942 / FACHB-805),,MPDDYGTQIAEITAREILDSRGRPTVEAEVHLEDGSVGLAQVPSGASTGTFEAHELRDDDPSRYGGKGVQKAVENVSAIEDALIGLSALDQEGLDKAMIALDGTPNKKNLGANAILAVSLATAHAAATSLNLPLYRYLGGPLANVLPVPMMNVINGGAHADNNVDFQEFMIMPVGAPSFKEALRWGAEVFHALAKVLKDKGLATGVGDEGGFAPNLGSNKEALELLLTAIEAAGYKPGEQVALAMDVASSEFYKNGLYTCDGVSHEPAGMIGILADLVSQYPIVSIEDGLQEDDWSNWKTLTQQLGSTVQLVGDDLFVTNPDRLQSGIEQGVGNAVLIKLNQIGTLTETLRTIDLATRSGYRSVISHRSGETEDTTIADLAVATRAGQIKTGSLSRSERIAKYNRLLRIEAALGENALYAGAIGLGPKGR,MPDDYGTQIAEITAREILDSRGRPTVEAEVHLEDGSVGLAQVPSGASTGTFEAHELRDDDPSRYGGKGVQKAVENVSAIEDALIGLSALDQEGLDKAMIALDGTPNKKNLGANAILAVSLATAHAAATSLNLPLYRYLGGPLANVLPVPMMNVINGGAHADNNVDFQEFMIMPVGAPSFKEALRWGAEVFHALAKVLKDKGLATGVGDEGGFAPNLGSNKEALELLLTAIEAAGYKPGEQVALAMDVASSEFYKNGLYTCDGVSHEPAGMIGILADLVSQYPIVSIEDGLQEDDWSNWKTLTQQLGSTVQLVGDDLFVTNPDRLQSGIEQGVGNAVLIKLNQIGTLTETLRTIDLATRSGYRSVISHRSGETEDTTIADLAVATRAGQIKTGSLSRSERIAKYNRLLRIEAALGENALYAGAIGLGPKGR
